order,round,program,benchmark,seconds,peak_bytes,exit_code,timed_out,output_ok,output,stderr_tail
1,0,helper,b1,0.33981816700543277,34160640,0,False,True,sum 500100500000 | first 101 | last 1000100,
2,0,helper,b2,0.46526812500087544,68288512,0,False,True,count 1000000 | sum 499999547508 | smallest 0 | largest 1000002,
3,0,helper,b3,0.3299548750001122,34160640,0,False,True,first 1000000 | last 1 | weighted 166667166667000000,
4,0,helper,b4,0.46766666699841153,34177024,0,False,True,first 37 | last 554962791 | sum-mod 491625299,
5,0,helper,share-b1,0.8296878330002073,68288512,0,False,True,sum 500100500000 | first 101 | last 1000100 | rounds-differ 100 | prev-sum 500099500000,
6,0,rust-same,b1,0.32984516700526,18087936,0,False,True,sum 500100500000 | first 101 | last 1000100,
7,0,rust-same,b2,0.42310749999887776,34406400,0,False,True,count 1000000 | sum 499999547508 | smallest 0 | largest 1000002,
8,0,rust-same,b3,0.30421058399952017,18087936,0,False,True,first 1000000 | last 1 | weighted 166667166667000000,
9,0,rust-same,b4,0.44963650000136113,18087936,0,False,True,first 37 | last 554962791 | sum-mod 491625299,
10,0,koka,b1,0.34710691700456664,26624000,0,False,True,sum 500100500000 | first 101 | last 1000100,
11,0,koka,b2,0.4369959169998765,54476800,0,False,True,count 1000000 | sum 499999547508 | smallest 0 | largest 1000002,
12,0,koka,b3,0.32883941599720856,26624000,0,False,True,first 1000000 | last 1 | weighted 166667166667000000,
13,0,koka,b4,0.7524009160042624,26640384,0,False,True,first 37 | last 554962791 | sum-mod 491625299,
14,0,koka,share-b1,0.7225849999958882,68747264,0,False,True,sum 500100500000 | first 101 | last 1000100 | rounds-differ 100 | prev-sum 500099500000,
15,1,koka,share-b1,0.5117577920027543,68747264,0,False,True,sum 500100500000 | first 101 | last 1000100 | rounds-differ 100 | prev-sum 500099500000,
16,1,koka,b1,0.1409752089966787,26624000,0,False,True,sum 500100500000 | first 101 | last 1000100,
17,1,koka,b3,0.141900667003938,26624000,0,False,True,first 1000000 | last 1 | weighted 166667166667000000,
18,1,helper,b3,0.1573452080046991,34160640,0,False,True,first 1000000 | last 1 | weighted 166667166667000000,
19,1,koka,b4,0.5708774999948218,26640384,0,False,True,first 37 | last 554962791 | sum-mod 491625299,
20,1,koka,b2,0.22371129199746065,54476800,0,False,True,count 1000000 | sum 499999547508 | smallest 0 | largest 1000002,
21,1,rust-same,b3,0.13247608399979072,18087936,0,False,True,first 1000000 | last 1 | weighted 166667166667000000,
22,1,rust-same,b4,0.30497987499984447,18087936,0,False,True,first 37 | last 554962791 | sum-mod 491625299,
23,1,helper,b1,0.17140474999905564,34160640,0,False,True,sum 500100500000 | first 101 | last 1000100,
24,1,rust-same,b1,0.16457787500257837,18087936,0,False,True,sum 500100500000 | first 101 | last 1000100,
25,1,rust-same,b2,0.2731331670001964,34406400,0,False,True,count 1000000 | sum 499999547508 | smallest 0 | largest 1000002,
26,1,helper,b4,0.3170915419977973,34177024,0,False,True,first 37 | last 554962791 | sum-mod 491625299,
27,1,helper,share-b1,0.6591312919990742,68288512,0,False,True,sum 500100500000 | first 101 | last 1000100 | rounds-differ 100 | prev-sum 500099500000,
28,1,helper,b2,0.2880248750007013,68288512,0,False,True,count 1000000 | sum 499999547508 | smallest 0 | largest 1000002,
29,2,koka,b3,0.13799191699945368,26624000,0,False,True,first 1000000 | last 1 | weighted 166667166667000000,
30,2,helper,b2,0.28803354199772,68288512,0,False,True,count 1000000 | sum 499999547508 | smallest 0 | largest 1000002,
31,2,koka,b2,0.2117414170061238,54476800,0,False,True,count 1000000 | sum 499999547508 | smallest 0 | largest 1000002,
32,2,rust-same,b3,0.1340266659972258,18087936,0,False,True,first 1000000 | last 1 | weighted 166667166667000000,
33,2,helper,share-b1,0.6506395000033081,68288512,0,False,True,sum 500100500000 | first 101 | last 1000100 | rounds-differ 100 | prev-sum 500099500000,
34,2,helper,b3,0.1561863329989137,34160640,0,False,True,first 1000000 | last 1 | weighted 166667166667000000,
35,2,helper,b4,0.30663416699826485,34177024,0,False,True,first 37 | last 554962791 | sum-mod 491625299,
36,2,rust-same,b1,0.16306183399865404,18087936,0,False,True,sum 500100500000 | first 101 | last 1000100,
37,2,helper,b1,0.17121566599962534,34160640,0,False,True,sum 500100500000 | first 101 | last 1000100,
38,2,koka,share-b1,0.5150712089962326,68747264,0,False,True,sum 500100500000 | first 101 | last 1000100 | rounds-differ 100 | prev-sum 500099500000,
39,2,koka,b4,0.5569599160007783,26640384,0,False,True,first 37 | last 554962791 | sum-mod 491625299,
40,2,koka,b1,0.13683304200094426,26624000,0,False,True,sum 500100500000 | first 101 | last 1000100,
41,2,rust-same,b4,0.3023755419999361,18087936,0,False,True,first 37 | last 554962791 | sum-mod 491625299,
42,2,rust-same,b2,0.2600450840036501,34406400,0,False,True,count 1000000 | sum 499999547508 | smallest 0 | largest 1000002,
43,3,helper,b2,0.28600004199688556,68288512,0,False,True,count 1000000 | sum 499999547508 | smallest 0 | largest 1000002,
44,3,rust-same,b2,0.2591660000034608,34406400,0,False,True,count 1000000 | sum 499999547508 | smallest 0 | largest 1000002,
45,3,koka,share-b1,0.5140654999995604,68747264,0,False,True,sum 500100500000 | first 101 | last 1000100 | rounds-differ 100 | prev-sum 500099500000,
46,3,helper,b1,0.17211274999863235,34160640,0,False,True,sum 500100500000 | first 101 | last 1000100,
47,3,helper,b3,0.15553429199644597,34160640,0,False,True,first 1000000 | last 1 | weighted 166667166667000000,
48,3,rust-same,b4,0.3005190840049181,18087936,0,False,True,first 37 | last 554962791 | sum-mod 491625299,
49,3,koka,b2,0.2133123749954393,54476800,0,False,True,count 1000000 | sum 499999547508 | smallest 0 | largest 1000002,
50,3,koka,b1,0.13679683300142642,26624000,0,False,True,sum 500100500000 | first 101 | last 1000100,
51,3,rust-same,b3,0.12931474999641068,18087936,0,False,True,first 1000000 | last 1 | weighted 166667166667000000,
52,3,koka,b4,0.56477495800209,26640384,0,False,True,first 37 | last 554962791 | sum-mod 491625299,
53,3,koka,b3,0.13770099999965169,26624000,0,False,True,first 1000000 | last 1 | weighted 166667166667000000,
54,3,helper,b4,0.30626179100363515,34177024,0,False,True,first 37 | last 554962791 | sum-mod 491625299,
55,3,rust-same,b1,0.1627230000012787,18087936,0,False,True,sum 500100500000 | first 101 | last 1000100,
56,3,helper,share-b1,0.6565836250010761,68288512,0,False,True,sum 500100500000 | first 101 | last 1000100 | rounds-differ 100 | prev-sum 500099500000,
57,4,koka,b3,0.13930170799721964,26624000,0,False,True,first 1000000 | last 1 | weighted 166667166667000000,
58,4,koka,b1,0.13748491700243903,26624000,0,False,True,sum 500100500000 | first 101 | last 1000100,
59,4,helper,share-b1,0.6491144579995307,68288512,0,False,True,sum 500100500000 | first 101 | last 1000100 | rounds-differ 100 | prev-sum 500099500000,
60,4,helper,b2,0.28506566699797986,68288512,0,False,True,count 1000000 | sum 499999547508 | smallest 0 | largest 1000002,
61,4,koka,b2,0.2318362919977517,54476800,0,False,True,count 1000000 | sum 499999547508 | smallest 0 | largest 1000002,
62,4,rust-same,b4,0.3135801669995999,18087936,0,False,True,first 37 | last 554962791 | sum-mod 491625299,
63,4,helper,b3,0.16030862500338117,34160640,0,False,True,first 1000000 | last 1 | weighted 166667166667000000,
64,4,rust-same,b3,0.1347849169978872,18087936,0,False,True,first 1000000 | last 1 | weighted 166667166667000000,
65,4,koka,b4,0.5670695840017288,26640384,0,False,True,first 37 | last 554962791 | sum-mod 491625299,
66,4,koka,share-b1,0.5120837909998954,68747264,0,False,True,sum 500100500000 | first 101 | last 1000100 | rounds-differ 100 | prev-sum 500099500000,
67,4,rust-same,b2,0.26068374999886146,34406400,0,False,True,count 1000000 | sum 499999547508 | smallest 0 | largest 1000002,
68,4,helper,b1,0.17072437499882653,34160640,0,False,True,sum 500100500000 | first 101 | last 1000100,
69,4,rust-same,b1,0.16273899999941932,18087936,0,False,True,sum 500100500000 | first 101 | last 1000100,
70,4,helper,b4,0.30515945800289046,34177024,0,False,True,first 37 | last 554962791 | sum-mod 491625299,
71,5,koka,b4,0.5501961250047316,26640384,0,False,True,first 37 | last 554962791 | sum-mod 491625299,
72,5,helper,b2,0.2884771669996553,68288512,0,False,True,count 1000000 | sum 499999547508 | smallest 0 | largest 1000002,
73,5,helper,b4,0.306853834001231,34177024,0,False,True,first 37 | last 554962791 | sum-mod 491625299,
74,5,koka,b3,0.136033791997761,26624000,0,False,True,first 1000000 | last 1 | weighted 166667166667000000,
75,5,koka,b2,0.21314954100671457,54476800,0,False,True,count 1000000 | sum 499999547508 | smallest 0 | largest 1000002,
76,5,koka,b1,0.13728899999841815,26624000,0,False,True,sum 500100500000 | first 101 | last 1000100,
77,5,rust-same,b4,0.30045820899977116,18087936,0,False,True,first 37 | last 554962791 | sum-mod 491625299,
78,5,rust-same,b1,0.16270158299448667,18087936,0,False,True,sum 500100500000 | first 101 | last 1000100,
79,5,koka,share-b1,0.5147182919972693,68747264,0,False,True,sum 500100500000 | first 101 | last 1000100 | rounds-differ 100 | prev-sum 500099500000,
80,5,helper,b3,0.15553799999906914,34160640,0,False,True,first 1000000 | last 1 | weighted 166667166667000000,
81,5,rust-same,b3,0.12615070900210412,18087936,0,False,True,first 1000000 | last 1 | weighted 166667166667000000,
82,5,helper,share-b1,0.6409269170035259,68288512,0,False,True,sum 500100500000 | first 101 | last 1000100 | rounds-differ 100 | prev-sum 500099500000,
83,5,rust-same,b2,0.26061554099578643,34406400,0,False,True,count 1000000 | sum 499999547508 | smallest 0 | largest 1000002,
84,5,helper,b1,0.17060016700270353,34160640,0,False,True,sum 500100500000 | first 101 | last 1000100,
85,6,koka,b1,0.13653104200056987,26624000,0,False,True,sum 500100500000 | first 101 | last 1000100,
86,6,koka,share-b1,0.5169825419943663,68747264,0,False,True,sum 500100500000 | first 101 | last 1000100 | rounds-differ 100 | prev-sum 500099500000,
87,6,helper,b1,0.17569595800159732,34160640,0,False,True,sum 500100500000 | first 101 | last 1000100,
88,6,koka,b4,0.5518857909992221,26640384,0,False,True,first 37 | last 554962791 | sum-mod 491625299,
89,6,helper,b2,0.30193579199840315,68288512,0,False,True,count 1000000 | sum 499999547508 | smallest 0 | largest 1000002,
90,6,helper,b3,0.15536333299678518,34160640,0,False,True,first 1000000 | last 1 | weighted 166667166667000000,
91,6,rust-same,b3,0.130356458001188,18087936,0,False,True,first 1000000 | last 1 | weighted 166667166667000000,
92,6,koka,b2,0.21249354199972004,54476800,0,False,True,count 1000000 | sum 499999547508 | smallest 0 | largest 1000002,
93,6,rust-same,b2,0.25988279200100806,34406400,0,False,True,count 1000000 | sum 499999547508 | smallest 0 | largest 1000002,
94,6,koka,b3,0.13916150000295602,26624000,0,False,True,first 1000000 | last 1 | weighted 166667166667000000,
95,6,helper,b4,0.3064094590008608,34177024,0,False,True,first 37 | last 554962791 | sum-mod 491625299,
96,6,rust-same,b4,0.30431925000448246,18087936,0,False,True,first 37 | last 554962791 | sum-mod 491625299,
97,6,helper,share-b1,0.6467117920037708,68288512,0,False,True,sum 500100500000 | first 101 | last 1000100 | rounds-differ 100 | prev-sum 500099500000,
98,6,rust-same,b1,0.16301941699930467,18087936,0,False,True,sum 500100500000 | first 101 | last 1000100,
99,7,koka,b1,0.1400522500043735,26624000,0,False,True,sum 500100500000 | first 101 | last 1000100,
100,7,rust-same,b1,0.16782237499865005,18087936,0,False,True,sum 500100500000 | first 101 | last 1000100,
101,7,koka,share-b1,0.5297104159981245,68747264,0,False,True,sum 500100500000 | first 101 | last 1000100 | rounds-differ 100 | prev-sum 500099500000,
102,7,rust-same,b2,0.26186566700198455,34406400,0,False,True,count 1000000 | sum 499999547508 | smallest 0 | largest 1000002,
103,7,helper,b2,0.28715979200205766,68288512,0,False,True,count 1000000 | sum 499999547508 | smallest 0 | largest 1000002,
104,7,helper,share-b1,0.6469398750050459,68288512,0,False,True,sum 500100500000 | first 101 | last 1000100 | rounds-differ 100 | prev-sum 500099500000,
105,7,koka,b3,0.1385975830053212,26624000,0,False,True,first 1000000 | last 1 | weighted 166667166667000000,
106,7,rust-same,b3,0.13120795800205087,18087936,0,False,True,first 1000000 | last 1 | weighted 166667166667000000,
107,7,helper,b3,0.1561327080053161,34160640,0,False,True,first 1000000 | last 1 | weighted 166667166667000000,
108,7,helper,b4,0.30720354199729627,34177024,0,False,True,first 37 | last 554962791 | sum-mod 491625299,
109,7,koka,b4,0.5341941670048982,26640384,0,False,True,first 37 | last 554962791 | sum-mod 491625299,
110,7,helper,b1,0.1691039580036886,34160640,0,False,True,sum 500100500000 | first 101 | last 1000100,
111,7,rust-same,b4,0.29961170900060097,18087936,0,False,True,first 37 | last 554962791 | sum-mod 491625299,
112,7,koka,b2,0.21150920899526682,54476800,0,False,True,count 1000000 | sum 499999547508 | smallest 0 | largest 1000002,
113,8,helper,b3,0.156145374996413,34160640,0,False,True,first 1000000 | last 1 | weighted 166667166667000000,
114,8,rust-same,b4,0.30291712500184076,18087936,0,False,True,first 37 | last 554962791 | sum-mod 491625299,
115,8,koka,b3,0.13888575000601122,26624000,0,False,True,first 1000000 | last 1 | weighted 166667166667000000,
116,8,rust-same,b1,0.1628096659987932,18087936,0,False,True,sum 500100500000 | first 101 | last 1000100,
117,8,helper,b2,0.28634362499724375,68288512,0,False,True,count 1000000 | sum 499999547508 | smallest 0 | largest 1000002,
118,8,koka,b4,0.5335023750012624,26640384,0,False,True,first 37 | last 554962791 | sum-mod 491625299,
119,8,koka,b2,0.2126879999996163,54476800,0,False,True,count 1000000 | sum 499999547508 | smallest 0 | largest 1000002,
120,8,koka,b1,0.13710895800613798,26624000,0,False,True,sum 500100500000 | first 101 | last 1000100,
121,8,rust-same,b2,0.25920441599737387,34406400,0,False,True,count 1000000 | sum 499999547508 | smallest 0 | largest 1000002,
122,8,helper,share-b1,0.6502245000010589,68288512,0,False,True,sum 500100500000 | first 101 | last 1000100 | rounds-differ 100 | prev-sum 500099500000,
123,8,rust-same,b3,0.12775554099789588,18087936,0,False,True,first 1000000 | last 1 | weighted 166667166667000000,
124,8,helper,b4,0.3070498330052942,34177024,0,False,True,first 37 | last 554962791 | sum-mod 491625299,
125,8,helper,b1,0.16869212500023423,34160640,0,False,True,sum 500100500000 | first 101 | last 1000100,
126,8,koka,share-b1,0.5093390830006683,68747264,0,False,True,sum 500100500000 | first 101 | last 1000100 | rounds-differ 100 | prev-sum 500099500000,
127,9,helper,b4,0.3058041249969392,34177024,0,False,True,first 37 | last 554962791 | sum-mod 491625299,
128,9,koka,b4,0.5332632909994572,26640384,0,False,True,first 37 | last 554962791 | sum-mod 491625299,
129,9,koka,share-b1,0.5091940829952364,68747264,0,False,True,sum 500100500000 | first 101 | last 1000100 | rounds-differ 100 | prev-sum 500099500000,
130,9,rust-same,b1,0.16317604100186145,18087936,0,False,True,sum 500100500000 | first 101 | last 1000100,
131,9,koka,b3,0.1385031669997261,26624000,0,False,True,first 1000000 | last 1 | weighted 166667166667000000,
132,9,koka,b2,0.21283920900168596,54476800,0,False,True,count 1000000 | sum 499999547508 | smallest 0 | largest 1000002,
133,9,rust-same,b2,0.26035570899693994,34406400,0,False,True,count 1000000 | sum 499999547508 | smallest 0 | largest 1000002,
134,9,helper,b3,0.1564291249960661,34160640,0,False,True,first 1000000 | last 1 | weighted 166667166667000000,
135,9,helper,b2,0.28853162500308827,68288512,0,False,True,count 1000000 | sum 499999547508 | smallest 0 | largest 1000002,
136,9,helper,b1,0.1691369579930324,34160640,0,False,True,sum 500100500000 | first 101 | last 1000100,
137,9,rust-same,b4,0.3064824579996639,18087936,0,False,True,first 37 | last 554962791 | sum-mod 491625299,
138,9,koka,b1,0.14109374999679858,26624000,0,False,True,sum 500100500000 | first 101 | last 1000100,
139,9,rust-same,b3,0.13377770799706923,18087936,0,False,True,first 1000000 | last 1 | weighted 166667166667000000,
140,9,helper,share-b1,0.6644260000030044,68288512,0,False,True,sum 500100500000 | first 101 | last 1000100 | rounds-differ 100 | prev-sum 500099500000,
141,10,koka,b1,0.13814583399653202,26624000,0,False,True,sum 500100500000 | first 101 | last 1000100,
142,10,helper,b1,0.17135533300461248,34160640,0,False,True,sum 500100500000 | first 101 | last 1000100,
143,10,koka,share-b1,0.5123592500021914,68747264,0,False,True,sum 500100500000 | first 101 | last 1000100 | rounds-differ 100 | prev-sum 500099500000,
144,10,rust-same,b4,0.3049916250020033,18087936,0,False,True,first 37 | last 554962791 | sum-mod 491625299,
145,10,rust-same,b2,0.2606792080041487,34406400,0,False,True,count 1000000 | sum 499999547508 | smallest 0 | largest 1000002,
146,10,rust-same,b1,0.16317358399828663,18087936,0,False,True,sum 500100500000 | first 101 | last 1000100,
147,10,helper,share-b1,0.6553820000044652,68288512,0,False,True,sum 500100500000 | first 101 | last 1000100 | rounds-differ 100 | prev-sum 500099500000,
148,10,helper,b3,0.15574145800201222,34160640,0,False,True,first 1000000 | last 1 | weighted 166667166667000000,
149,10,helper,b4,0.306658832996618,34177024,0,False,True,first 37 | last 554962791 | sum-mod 491625299,
150,10,rust-same,b3,0.12580387499474455,18087936,0,False,True,first 1000000 | last 1 | weighted 166667166667000000,
151,10,helper,b2,0.30724345799535513,68288512,0,False,True,count 1000000 | sum 499999547508 | smallest 0 | largest 1000002,
152,10,koka,b4,0.5536520000023302,26640384,0,False,True,first 37 | last 554962791 | sum-mod 491625299,
153,10,koka,b2,0.21527487500134157,54476800,0,False,True,count 1000000 | sum 499999547508 | smallest 0 | largest 1000002,
154,10,koka,b3,0.1377124169957824,26624000,0,False,True,first 1000000 | last 1 | weighted 166667166667000000,
